<?xml version="1.0" encoding="UTF-8" standalone="yes"?>
<addon id="plugin.video.disparity" name="Disparity Build" version="2.0" provider-name="pings.net16.net/">
  <requires>
    <import addon="xbmc.python" version="2.1.0"/>
  </requires>
  <extension point="xbmc.python.pluginsource" library="default.py">
        <provides>video executable</provides>
  </extension>
  <extension point="xbmc.addon.metadata">
		<summary lang="en">Disparity Build</summary>
		<description lang="en">Welcome to Kodi enhanced with Disparity</description>
		<disclaimer lang="en">WARNING: Disparity has nothing to dith Kodi. Disparity is just a collection of addons if you are having problems please contact the developer of the addon. Do not contact Kodi about problems for this build and or addons.</disclaimer>
		<forum></forum>
		<source></source>
		<website></website>
		<platform>all</platform>
	</extension>
</addon>
